	0	1	2	3	4	5	6	7	8	9	10	11	12	13	14	15	16	17	18	19	20	21	22	23	24	25	26	27	28	29	30	31	32	33	34	35	36	37	38	39	40	41	42	43	44	45	46	47	48	49	50	51	52	53	54	55	56	57	58	59	60	61	62	63	64	65	66	67	68	69	70	71	72	73	74	75	76	77	78	79
as_ctrl_1	-2.0669363	0.30876917	-0.8463143	0.6480129	-5.834055	-1.7113628	1.8161575	-6.121662	-1.6283625	-0.92763764	-2.2878718	-0.6867197	-0.8522539	0.31004512	-1.6992004	0.30670387	-0.6289034	-0.7056293	-0.4508878	1.6320125	-0.16799635	-1.1922417	-3.3022943	-0.8861299	1.6015011	-2.7291403	-0.06665397	-0.73340577	0.7775274	2.402412	-1.7572168	1.0008574	0.3444504	1.9483125	-0.2874986	-4.0128136	0.46811658	-0.071630776	-0.21766481	-0.77194387	1.3671405	1.8898492	0.1652866	-0.28227627	-0.2677763	0.7378851	0.6337387	2.2273104	-0.69227433	-0.17265713	1.877436	0.49230206	-0.030320704	-0.91950285	-0.53327453	2.2936268	0.35574853	-0.39934248	-0.2684212	2.2411401	-0.40457243	-0.90474784	-2.924408	-0.15107176	-2.914014	-2.4385622	3.1910112	1.2338557	0.8440103	-0.1485615	1.5539155	0.5380223	1.6521405	0.4315694	0.09450483	-1.7117729	-2.3114207	-1.1552547	-0.86903167	0.5852909
as_ctrl_2	0.47244066	-0.9370089	-0.15271366	1.0664767	-3.2832835	1.6045923	3.0011802	-2.5760937	-0.48805702	-2.3006067	-1.3765664	-0.38135993	-0.8633005	-0.1412186	-0.38144505	1.6469772	-0.70685095	-0.93254423	-0.7825935	2.0153906	-0.62363946	-1.1761769	1.3423328	-0.7390651	-2.2647872	0.87593365	1.5273114	-0.7863499	1.0357206	3.3546333	-1.6539184	-2.4658446	-3.1217928	-0.63764143	0.674633	6.8359575	-0.33132994	2.5792851	0.10664886	-2.3112712	-0.19117767	1.6315839	0.36218417	-0.55959874	0.74440354	1.770712	0.99323714	0.8772247	1.2889299	-0.67234534	3.5934358	0.6002787	-0.10215311	-0.06902288	1.40762	-0.6481743	0.5690984	2.4679606	1.5709594	0.705523	-1.1093324	-2.7420506	-1.8219339	-0.86300254	1.2624997	-2.1779113	0.0053154826	3.3096442	-0.9837619	0.9544631	-1.1531683	-1.4193342	0.9811887	0.29693612	1.2143002	0.08209473	-1.6645281	0.5238321	-0.7762461	-0.5634904
as_3dpi_1	1.4740599	3.5091045	0.36283985	-1.9621294	-1.5193131	-0.62936324	-2.6994026	1.0516324	1.3539617	2.4135509	2.7051785	0.8254198	1.4018329	1.1890303	1.0447779	2.4264548	-0.8341744	1.1171764	-2.9504523	-2.5034795	0.16502732	4.3036	-0.27970076	1.508384	-1.3353367	-0.7606254	0.55638623	1.1682593	-1.5507556	-0.834272	2.0200346	0.093716875	2.1112201	1.965947	0.77896667	2.3244646	-0.85113275	-0.19034892	-0.74844086	1.0235025	-2.8655617	-4.032095	-0.6226063	1.5313721	1.6084044	-1.8027909	0.81588733	-0.7827003	-0.8704656	-0.31409937	-2.4741726	-0.85602844	0.41757506	-1.769767	-2.9014134	-0.9498798	-0.8164645	-0.14503235	-0.08144921	-0.5719057	2.454848	0.91139543	3.0687485	0.6290157	-0.8249959	1.5682364	-0.89975333	-1.5571004	-1.4094193	0.43813968	0.44171545	0.7971827	-6.360306	0.31099772	-7.0649414	1.6570935	4.456379	-0.017427623	1.539418	0.5919244
as_3dpi_2	3.2208743	3.2253032	0.18192464	-0.8601454	-1.6988715	-1.239026	-2.2420685	2.5089302	0.12370631	2.2439182	1.8461562	1.0818036	-0.52160853	0.5835489	2.2115324	2.024795	-0.054562747	-0.6048758	1.1215543	-1.6209244	0.61552376	2.521336	3.9167147	-1.1899571	-1.3581328	-0.39466769	-1.5875103	-0.9418707	0.48882002	-0.3669032	0.73614746	-0.5375172	1.992711	-0.589508	0.9853323	2.4907143	-1.1483955	1.3836423	-1.5307082	0.9934343	8.884934	-4.0247984	0.9451758	-0.041261494	-0.86691916	-1.9092152	-0.02038601	-0.9023441	-2.004561	-0.20222232	-1.6734039	-0.62819195	-0.56559205	-1.3192683	-3.358647	0.60861266	-0.560238	-1.6638964	-0.9535861	-0.75256515	3.2823558	-0.06176129	3.8593767	0.475761	-0.7165981	1.9596424	-3.7328732	-1.1877697	-1.0880945	0.43521774	0.68328685	-0.22448182	3.9444582	4.6814923	0.19470358	3.6281762	6.10614	2.1147764	2.055389	-0.028316066
as_6dpi_1	-0.5835221	2.997735	2.044021	5.5673027	-1.9981222	-1.7398386	-3.4284594	3.5664907	0.72189987	0.57964444	0.81821066	1.7990885	0.7346748	1.1213994	2.0383763	-3.6463137	-0.70751977	-1.630945	2.9617245	-2.7683244	0.09219444	4.1125903	2.7169166	2.4805658	-3.0111651	-0.17479508	-2.3230453	-0.38510883	-1.0501201	-2.4678633	0.8048233	0.20253369	2.4070415	0.8650494	2.2020648	1.6856465	-0.2798276	-1.075635	-0.51740307	1.2083677	2.9998975	-5.5026884	1.1010183	-3.7543159	-1.1134075	-1.4839058	0.37859902	-1.4687835	-0.43996632	0.15436554	-1.9440551	-2.990835	0.21439716	0.023581743	-2.0582504	1.4869347	-1.8461773	-0.8475205	-1.4863186	-0.21401575	3.8135433	-0.32834536	3.2440395	-0.60209167	-0.3894624	2.9548206	0.2832898	-2.3273828	-1.5974135	0.5482436	-0.48753697	0.81752133	-3.6186104	1.7555163	-0.840261	1.6956846	1.5728357	0.63120747	1.3983966	-0.012202233
as_6dpi_2	2.2705977	1.1396396	-1.5255209	-2.850872	-1.5843067	-0.1708018	-1.0941079	2.1085694	1.1611326	-0.21216857	0.8996559	1.3369892	0.25331038	0.79494864	1.7459209	0.010880366	0.29367292	-2.4233708	-0.0076805055	-1.68018	0.10818562	3.214921	0.6421984	-2.077014	-0.7048969	-0.4909115	0.23354807	2.368086	-0.14754196	1.0117366	-0.9097519	-0.35773578	2.1225057	-1.7158716	0.45453757	1.6383498	0.23929334	-1.0703449	0.47514322	0.50820225	-4.0105524	-3.830395	1.3030281	-2.2472093	1.2560586	-1.1299945	0.7410337	0.30725175	-0.98976725	0.7612368	-1.0247691	-3.0117745	0.21575907	-1.6161277	-2.807658	1.7088339	-0.73438287	-1.2303779	0.3935488	-1.15042	1.7328804	-0.0325335	1.9382212	2.0052826	0.46652353	-0.18559647	-1.7355571	-1.8230656	-0.3306278	-0.26818395	-0.00850755	1.0193698	-4.6958256	-3.293354	0.3175714	3.0775685	3.1582365	0.45547032	2.352478	4.0023813
as_9dpi_1	0.5770353	-1.0992215	-0.92327744	1.528696	6.0814486	0.3014511	1.7795944	0.05426824	1.4045275	2.5991983	2.093197	1.4324107	-0.046078607	-0.30538666	-0.5813009	0.098126456	-1.1552471	-1.3742051	-0.19537306	1.2433783	1.4339292	0.16653779	-0.10109502	-0.45404613	1.721418	0.1484803	1.3680674	-0.16132404	2.285744	0.8061688	-0.043873392	-1.383616	-0.2998077	0.038934544	-2.3536506	0.57906854	0.061980367	0.13035214	-1.6731735	-1.2329068	1.0323199	-0.62417877	-0.2701925	-0.37448162	-0.37230277	2.2334218	-2.4866939	5.245262	-2.487287	-2.6392968	0.4499631	-0.9597269	-0.13196775	-0.6912906	1.9509382	0.061835527	1.9684011	-0.2854459	-1.3847001	1.2170591	-1.609438	0.5941956	-1.5961664	-0.60833776	-3.1428804	-2.6152074	-1.3861036	0.31911173	-0.037312314	1.6799595	2.238586	-0.51756984	1.8453814	-0.6896284	0.46931815	-0.42145693	-0.41188842	0.5640863	-0.63994336	0.5263303
as_9dpi_2	-0.28058937	-0.22270517	-0.78999376	-0.3648216	1.409654	1.6633184	1.5424204	3.456583	-1.3266609	-2.1395056	-0.05715213	-0.91614115	1.8821865	0.43661827	-0.36776137	0.3510793	-0.3837629	-0.53444713	-0.64946616	1.1230763	-0.4934585	0.9198344	-2.0488675	-1.1595932	-0.17713392	-3.547246	2.595027	0.5002632	1.2325807	0.9118123	-0.07796906	-5.0389967	-1.9174614	1.2405952	-2.805161	-7.340837	-0.25702983	-0.37240455	-0.019160345	-1.2882767	-0.18810903	1.253732	0.23722541	0.62659526	0.104064286	1.5143653	0.89060867	3.2702713	-1.5424609	-1.0535398	2.5099156	1.5300716	0.04451388	-0.3490043	-1.5399947	0.7577114	1.3430244	-0.282343	-0.25300545	1.7514832	0.0822258	0.19346446	0.613552	0.69704545	0.17636675	-1.752458	1.4932044	0.07099795	0.10577673	0.06582853	0.9672103	-1.726665	1.1177887	0.7830193	0.052487314	-1.7353275	0.43680444	0.6722422	-1.5882874	-0.7742951
ad_ctrl_1	-1.6190795	1.9769615	-0.56414306	2.7577136	-1.6199658	-0.1761887	-1.054069	-4.817608	-0.12880254	1.8320568	1.0719016	1.3724818	0.81939304	-0.13364702	-0.15286952	0.78771484	-0.66528916	0.07995331	-2.5225034	-4.848243	-1.0596204	3.3230162	-3.7535734	3.3983073	-1.1728112	2.5051963	-0.82634187	1.3333039	0.9773767	0.9690249	2.549797	1.3624842	0.96980286	-1.1022294	0.4582472	1.0836066	0.2861995	1.0486397	0.14083543	-0.1282469	-1.7477329	-3.1324422	-1.6133193	3.9874578	-0.26415518	1.1686413	-0.78670084	-1.2046643	0.6835864	0.18244863	-3.8926754	0.09236549	1.2689492	0.058592528	-2.4233568	-0.52381516	-0.3374148	0.6006269	1.6480147	-2.8520892	1.8800356	-1.3389683	3.2766201	0.46010813	2.1593444	0.8097892	-0.36676386	-0.42182618	-0.5645117	-0.09937906	0.81006813	0.99901843	-2.0877578	1.2352208	-3.036105	-0.34246618	1.9392992	-1.3342273	2.5569723	-1.4325788
ad_ctrl_2	2.8411465	2.1593018	0.57613546	1.9690644	-1.6716576	0.97618204	-0.30587006	-1.8198627	-0.14587808	0.7811115	-1.6117921	1.3747193	-0.1191268	-0.058846354	0.23552606	-1.044898	0.7414677	1.542701	-0.13829279	-3.6938756	0.37409148	4.070167	0.3151847	-0.12181687	-1.2616547	2.2475038	-0.2304728	0.6259508	-2.2167783	-2.2193503	0.77961224	1.1638656	0.68987566	-1.6135634	1.0340794	1.6820391	-0.96064305	0.73814595	1.7603467	0.9319764	2.1832647	-5.2058644	-0.40700978	-1.2829092	-1.329643	-3.2210836	-0.4604088	-1.5997031	-0.48945713	0.7374786	-5.223589	-0.8463483	-1.0107551	2.2410057	-3.2568336	-0.5818995	0.11514574	0.8556889	0.4704671	-2.22217	3.2009373	2.0069642	2.488318	2.1579022	0.8539327	3.161119	-0.6502005	0.7410381	-1.2265897	0.05493354	0.854087	-0.09041798	-4.5127645	1.6717136	-1.7514389	1.6648498	4.115073	0.7145732	1.7006356	-1.1100013
ad_3dpi_1	-3.7397423	2.1002274	-0.87242234	-1.0730711	-1.8345268	1.619354	-4.579249	-1.1506734	-0.5351285	1.8936605	-0.2144019	2.7236328	-0.19178218	-0.7678445	0.38357878	-2.6338038	0.41819167	4.216902	2.7646759	-4.767892	0.68741816	3.997902	-0.11142683	1.693118	0.45151985	2.6767588	-2.0722106	-2.93738	0.391654	-2.9254224	0.5700615	2.1417985	0.44253027	-0.78363764	1.3470242	1.5081937	-1.0933996	0.6909771	-0.5379832	1.3408679	-0.5002098	-5.3255143	-1.247295	3.5838068	-0.73727	-2.0652497	-0.7867079	-1.9782933	0.33228403	0.9657095	-5.658019	-1.5791458	1.550421	-1.8993368	-2.735525	-0.47956276	-1.4562871	0.07677713	2.9437532	-1.629056	0.95371234	2.485444	2.0561275	0.43793523	1.413952	2.4471488	-0.6982428	0.021860957	-2.202841	0.36218035	0.9454584	1.917728	-5.2209525	0.9740669	0.63917017	-3.0916872	5.084149	3.627546	3.4246848	-0.41384298
ad_3dpi_2	-7.2962604	2.5461683	1.1674196	0.8292925	-1.5527836	0.768944	-3.238303	-3.4914742	-0.5868908	2.9132679	0.043287516	2.5155907	0.6241918	-0.59516007	-0.36217776	0.8387364	0.07819092	-6.817709	3.4517074	-4.5655155	0.17269006	2.5439641	-1.0130992	1.670404	-0.20400645	3.183596	-1.4770868	-0.6446209	-0.79453945	-1.1484594	1.0514548	2.077252	-0.33951506	0.49639982	-0.547146	1.3818752	-0.3307592	1.0577266	0.9159421	2.2056565	-0.050337464	-5.4565125	-1.9359125	-0.015795112	-1.4102362	0.93791544	-1.1496397	-1.1433133	1.2176948	0.116133824	-5.755373	0.59895563	-5.057639	-5.7952437	-3.3191733	-0.16583031	-0.78631806	0.24583194	1.6654454	-2.0377738	2.0122721	-1.0677551	3.5646849	-0.88319635	2.5473204	4.1791787	-0.15704179	0.5617536	-1.2211851	1.8643833	1.755757	-3.1293335	-2.9543877	1.4864857	-11.285968	1.1185881	-0.18529591	1.4293762	2.3902009	-1.2892
ad_6dpi_1	7.2498617	2.0448356	-0.052084744	3.1139235	-1.6356909	0.2946086	-2.966439	-2.6841621	1.1475453	3.429151	-0.98231554	1.55125	1.4899853	0.96070945	0.43716726	-2.8825	4.803266	1.5982004	0.043852925	-3.4910662	-0.6969987	2.5450583	-1.3742086	1.0753335	1.3426547	2.0838494	-1.2194753	-1.056849	-1.2617937	-0.18408516	-0.72563004	2.054369	0.8245938	1.1698515	-0.3605056	2.174411	-0.49306002	0.96305835	1.2240638	2.8339581	-2.2854795	-5.393036	-0.65618044	3.0831966	-0.15763408	-1.5784068	-1.3411579	-1.2180272	1.5036967	0.18309982	-4.662296	-0.27941018	1.0368518	0.12719348	-2.5047665	-0.6806283	-0.5843629	1.0228577	1.0788604	-2.757548	2.196329	-0.7464455	3.5104973	-0.07611418	2.0282633	2.0790012	-1.1462204	0.025007308	-1.9947515	0.034520328	1.7940886	0.7550163	-3.5293987	2.4622602	1.7398808	2.758297	5.4581017	-0.18497789	1.653399	-0.74006236
ad_6dpi_2	-2.198244	3.1510065	1.4781747	-0.73208004	-1.7263962	0.69158804	-5.9084053	-2.1693158	3.1099844	2.4060156	-1.5818962	2.1941392	2.298633	0.9770609	1.2896082	0.36140484	2.2222424	3.7754822	-0.10121703	-4.7096324	-1.2696466	1.3908694	4.179944	4.344518	1.0591516	2.5491478	-0.59245634	-1.2181218	-0.6996629	-1.5304035	3.6177826	1.9686168	0.22245342	-1.1589123	0.77335215	1.5046345	-0.97302884	0.19680116	-0.2725797	0.3393128	0.57147485	-4.847681	-1.3451515	-0.97540116	-1.620094	-2.9110413	-1.9624076	-1.5775826	2.585969	0.414524	-4.917398	-0.41652465	-1.5543118	0.22249717	-3.413967	0.31358314	0.23921776	0.8957876	3.7467122	-2.597962	2.3086705	-0.6226295	2.7030334	1.9145958	1.6393007	1.9463573	0.097412825	-1.3531942	-0.39081883	0.44031677	1.2360945	2.50889	-4.097489	1.1987004	4.6735353	-1.5135998	0.67910033	0.61299956	1.7366749	-0.34213972
ad_9dpi_1	0.15323806	2.5266206	-0.7048689	2.9763982	-1.5533941	-0.14564252	-2.2054553	-0.787103	0.61201715	1.3611147	0.47925425	-0.8930433	-1.1966345	-0.08017659	-0.45968115	-0.18540457	0.96444184	0.11713433	0.11257537	-2.457726	-0.7737145	2.592869	3.0230558	1.8636547	-0.09668815	1.7419865	-0.53200424	-0.011994481	-0.8066395	-0.20324972	-8.749962e-05	1.0717359	0.34863043	0.34783494	0.49509853	2.4431484	1.1506703	0.8564065	-1.4930844	1.8403685	-2.6990552	-3.5649135	-0.9967632	-0.8631582	-0.9594999	-0.986772	-1.7061231	-0.94501936	0.30706334	0.73824704	-4.782921	-0.5226952	-2.5544834	-0.85656977	-2.663218	-0.6925072	0.86812425	0.8856466	1.9203727	-2.019977	3.7577252	2.0757837	4.2099576	-0.1078794	1.0436033	3.297316	-1.4514532	-0.8143279	-0.6634191	-0.9471183	0.9903885	1.958868	-3.0066273	1.5460749	3.4951012	1.0886059	1.1095898	-0.0060997605	2.2437816	-0.4561358
ad_9dpi_2	1.2238691	2.9278922	-0.22124103	5.861197	-1.4333372	0.6103777	-2.2427151	-2.885502	0.8659129	3.8107164	1.7721817	0.32737848	0.84511924	0.33035913	-0.414742	-1.0662822	0.532847	0.62985957	0.45135057	-2.3480182	-0.24073532	1.4075296	0.044430137	2.9334426	-0.5178061	0.82709193	-1.3222882	5.5538816	-1.7351375	0.90501046	-0.591509	1.0308057	1.2116169	-1.2063146	0.14011005	0.7592162	-0.3974809	0.9607434	-0.5913534	-0.032135367	0.8908036	-3.67521	-2.4407663	-0.030958652	-0.8109696	0.3465966	-0.8095699	-1.705895	0.89896107	0.35441312	-4.326096	-1.0430217	-1.7383351	-0.79654837	-2.8768005	-1.4639761	-1.2934418	0.48410803	2.3103979	-2.6187966	2.1405334	0.4782528	1.7622811	0.46683654	3.1183128	2.5598702	0.21502887	-0.38625157	-1.324621	-1.5154833	1.1034005	2.2604294	-1.5741025	2.4258142	1.6447792	-0.90913993	-0.7672322	0.09207189	1.9755102	-1.2252405
as_ctrl_dro_dronema_1	-1.9192345	0.13758361	-0.65208596	0.13042957	14.447573	-2.0956438	2.7822893	-1.1021357	-0.8826894	-0.5269221	-0.5995923	0.05877608	-1.3817338	1.7450764	-1.3586047	0.5996553	-1.2748814	-0.36560655	-0.85325384	2.2846043	-0.9924059	-1.6650776	-0.30800557	-0.18995869	2.3471398	-0.33397996	0.32308447	-0.13701037	-0.08542305	0.9186866	0.13956797	-2.6704285	0.33669686	-0.3077923	-1.1019268	2.9204974	3.1453316	0.33282706	0.81144226	1.4574949	-0.98942786	1.478644	-2.5121827	0.07989192	0.27068913	0.91899395	0.8826839	1.5522461	-0.7212167	-0.3577396	3.5433514	2.3435433	0.6300759	1.0210862	4.0333185	0.040874273	1.9475361	0.6230332	-2.2801096	0.47614253	-1.3953391	-1.2534287	-2.96643	-1.6845498	-0.61390454	-2.887823	0.29763407	2.8210948	1.9954025	2.1936805	-0.26491386	0.9095551	2.6984355	-0.13208413	0.6017052	-1.2874949	-0.099482	1.0699677	0.004150033	1.3539884
as_ctrl_dro_dronema_2	-1.2397513	-1.4714983	0.6116648	1.562791	-0.67333007	-0.26521704	1.5199242	-1.9951179	-0.14878544	-2.1632922	0.66040933	1.5603602	1.1895903	1.4252561	0.6611141	-0.7404542	-1.0620524	-0.36287594	-1.4907146	0.5061823	-3.5131502	-2.0495274	-1.8237795	-1.0033314	0.88666284	-0.5457381	2.640482	0.49514097	1.1804004	-0.121634305	-1.4045178	-1.7871516	-0.27894276	1.1831925	-5.004121	1.3546848	-0.95836484	-0.039005548	0.4898175	-1.3299118	-0.66346115	-1.324346	0.40364558	0.37084275	0.08445193	-0.6726852	0.851019	1.8992872	1.1749997	-0.8761237	-0.0688259	0.6989905	-0.9348594	-2.259551	-0.23852171	-0.47141725	1.3674805	0.82875097	2.497228	0.13445038	-2.3348231	-3.633467	-0.09800589	-1.4384514	0.58378977	-1.3278697	2.4246578	2.5268693	2.0729542	-0.76813984	-1.3563132	0.18758191	2.5660143	-0.76984024	1.089045	-1.8078928	-0.16087101	-2.874271	-0.074003875	0.24174628
as_ctrl_dro_dronema_3	-1.4103575	-2.5694976	-0.6787763	0.14795285	14.685349	0.73597383	1.478018	4.6760902	-2.6651037	1.0379713	0.20976992	-1.354892	-0.3256448	0.50467634	-1.0974584	-0.62740266	-0.39174366	-0.37003952	-1.0786954	1.2044661	1.301973	-0.43792784	-2.254156	-1.845761	0.60487145	-1.5255879	-0.20546675	-1.9040987	1.1197666	0.3011216	-1.4649886	3.4007442	-2.4374826	-0.6807947	-5.2571983	-9.10315	0.40039003	-0.44122148	1.1064551	-3.3641815	-0.35575646	3.3856022	-0.76441693	0.4583924	-0.1453716	1.2783962	0.28571346	2.6701555	0.22712177	1.7171605	1.8608137	2.3626418	-1.119918	1.5593446	2.0898395	-0.7117758	-0.94085217	0.1869409	1.0471743	0.5286624	-1.3384067	-1.1863513	-3.7873929	1.8712709	-0.7265329	-1.4417385	0.64035904	0.6016569	1.4933008	-0.46103448	-0.6989447	-0.83550984	2.5932765	-1.6870766	0.7522814	-0.3414601	-0.102498055	0.51121706	-3.47541	-0.35596767
as_dronema_1	-0.46734303	-1.848275	0.44680882	0.21623763	-1.6110305	-0.43560362	2.012365	0.6852799	-0.291673	-0.2614261	0.058867678	0.7364788	1.0260864	-0.93746203	-1.4241266	-0.34621727	-1.0084242	0.085788816	-1.136179	2.8762603	-2.4409175	-2.5773764	-1.7337146	-0.82146096	0.4994353	0.9801937	-0.67794573	-0.08037831	-0.13911402	1.37238	-0.72291243	1.5895065	1.7027322	1.9187152	-2.0376313	-0.2626581	2.0595236	-2.1383352	-1.0483938	0.076146364	-0.100439966	1.294069	1.3277239	-0.4110174	1.0649271	1.1422204	1.0021311	1.8654692	0.39855587	-1.770116	1.0874104	0.6993706	-0.9317313	1.1671041	0.4526802	0.6506312	1.2259126	0.34043282	-1.3580272	3.2142572	-2.3729107	-2.53838	-2.2717981	0.04641556	-0.4217857	-3.5803976	1.8250597	2.3938231	0.3897292	2.653075	3.8783174	-0.39679593	3.4090195	-0.00554052	1.0342544	-1.0045588	-0.16348755	-0.28239584	-1.2058651	-0.17437798
as_dronema_2	-1.0151471	1.6576532	-1.044976	0.57964104	4.544246	0.96069217	0.63634324	-1.8679464	0.9452405	-1.7875371	-0.95282817	-0.12434727	0.35683084	0.9010315	1.2269605	-0.9152841	0.994388	1.0619386	-1.1927593	1.4254186	-2.385549	-1.0994887	-3.7521305	-0.80342877	1.2064826	-2.201995	1.7054255	0.4797392	1.2085661	0.36120966	1.9819157	0.419687	-0.0042283237	1.1714209	-0.3674934	-4.0740404	1.4860718	-1.3230808	1.0060109	-0.31573462	-0.16875371	1.0825388	-1.1273181	-0.1176393	0.50805324	1.6483502	1.8507533	0.8547069	-0.3369048	0.6673444	-0.4684477	3.1043038	-0.98772407	0.048385315	-0.3751045	-0.5608593	0.1501174	-0.38459575	-0.64452076	-1.5207512	-1.036245	-0.80101025	-0.8506131	0.33220524	-0.23302586	-3.3308563	2.272583	0.40520555	0.7811847	-1.7240566	0.524179	-1.1532817	1.5115366	-0.53216755	1.0646776	-1.3519828	-0.026626945	-0.89461875	-2.3268697	0.29308844
as_dronema_3	-0.8466983	2.702572	-0.16712663	0.6791016	14.094318	-1.0349952	2.0129874	-4.027789	-1.2817043	-1.9876578	-0.6572646	0.34732038	-0.43484646	-0.792043	0.7877114	-0.14593719	-0.5904267	-0.6698224	-0.5278138	2.340268	0.44194806	-0.6367204	0.0707165	-1.7340467	0.21609452	-0.6272733	2.8749104	0.3738417	1.0533355	-0.5102563	0.27484283	-3.121188	0.754907	0.2853204	-2.727109	-4.9988556	-0.88286066	-0.40727097	0.18725812	-0.8774376	0.4728036	-0.21012783	-1.5025679	0.6313839	0.33921623	0.9170853	-0.19005561	1.8924183	1.1452751	-0.27085194	1.6585541	1.1887225	-1.6446267	0.18242645	1.632029	1.5309024	1.5208163	0.9251051	-0.91922677	0.2625718	-1.7867861	-5.475553	-2.0873966	0.121075675	-0.94146645	-1.7160271	0.23756576	2.4350004	0.242823	0.0146954805	0.36534333	-0.6619762	1.7555625	-1.6645956	0.48057124	-1.4595811	-0.5004404	0.6943805	-1.7995784	0.70130223
as_dro_1	-1.644537	0.3872248	-1.0480748	1.075007	5.8020444	-0.36432296	3.760993	1.9540858	1.0990763	-1.0283084	-0.5614844	1.6920623	1.0485986	-1.6092274	-1.0984675	-0.09041041	0.56876934	-0.4404279	-0.23807597	0.8549973	-0.39043522	-1.3503913	-2.8327975	-1.4463941	1.171308	-0.0061500072	2.0594056	-1.128691	0.896654	1.4037292	-3.4806576	0.52041423	2.2679834	0.9165549	-1.8129913	-3.220613	0.9066099	-1.2787976	-0.31800947	-2.9211416	-0.40167803	4.7564983	1.5754532	-0.030771464	0.5054091	0.3152377	0.5910632	-0.40236998	1.2111646	-1.8511654	2.8719826	2.0487847	-0.9237913	0.30130166	1.4411209	1.6271954	0.82043564	-1.1192697	1.2198167	-1.7978148	-1.5195717	-2.299079	-1.9999642	-0.11523327	-0.028698027	-1.1873761	1.516262	0.87938243	-0.73991925	-0.8691689	-0.08383685	0.37558582	2.4597409	0.47906744	1.7480209	-0.98017085	0.55176735	0.97161466	-1.6734899	-0.30935317
as_dro_2	-1.3935972	-2.5027156	-0.92654216	0.4609478	0.52355397	1.7317961	2.1316438	-4.612771	-2.7225344	-0.18175006	0.053958908	1.0930761	-1.0772872	1.098741	1.4193633	0.645669	-0.5100638	-1.0127116	-1.8303037	3.110145	-0.57736695	-1.6795676	-0.0914762	0.79697704	0.8956835	-2.3602905	1.3057185	0.052149773	2.7748075	2.680263	2.2671633	-0.30525568	-0.22125053	0.3232426	-2.1303	-6.9001946	-0.6227666	-0.37306777	-0.31501234	-4.5820475	-0.12474847	0.19670606	-0.089668185	-0.4809266	1.0580552	0.5998124	1.0148145	-1.5481176	-1.5584035	-4.0215273	2.849274	2.6390722	-0.24915603	0.9496117	1.3375905	3.1399052	0.45275724	-1.481874	-1.4204493	3.0282693	-2.7720819	-2.5772872	-0.98128533	0.7035993	-0.51287377	-0.819155	-2.0406847	-0.34136808	1.5790896	-0.6772339	2.1048486	0.23160838	1.947553	0.18889004	0.72504306	-0.49299443	-0.8992177	0.99007577	0.42166233	0.34412476
as_dro_3	-1.1259185	-2.9081085	-0.35969472	0.3527781	5.195444	-2.2775435	5.563614	-3.4449868	0.7013949	-1.5050912	-1.5386908	0.010735214	1.5274649	0.0772908	-1.647681	1.1201874	-2.0058951	-0.14800806	-1.3675729	0.7601333	-3.2819877	-2.08843	-0.79502475	0.32374328	-0.045529425	-1.4391634	0.75180197	-2.6309247	0.7376619	2.0730963	-0.27598575	1.0407397	-0.5321195	3.554884	-0.60056037	7.9370217	1.3163302	-0.36781335	-0.91559476	1.0417747	-1.5123019	1.1718557	1.3755709	-0.6134779	1.2657425	2.116986	0.5305028	1.0339003	0.114938825	-0.19740021	2.4821606	-0.14446676	-0.124877706	0.80883116	-0.757098	-0.63977015	1.9926841	-0.061378106	-2.5787654	2.276166	-0.1535914	-3.2604766	-1.1490705	1.6490456	-0.15082578	-1.8571496	2.2800043	0.20136535	-0.84663945	1.8485037	-0.041484118	-1.0486517	0.7589531	0.32617643	0.77496743	-0.41731966	-0.5822778	1.1005089	-1.4567243	0.50968534
as_ctrl_diss	-3.172461	2.198134	1.9536085	-2.5160031	-1.5086163	-1.095325	-3.3275282	0.93119544	-0.8162067	1.9284632	0.92344654	2.604984	-1.1560905	0.08857116	1.5337807	-3.548625	2.6325073	-2.8384233	0.64310443	-4.212826	1.2297194	3.5190263	1.4504217	-3.8698554	-3.2189322	1.9450524	-1.9461093	-0.40238416	-2.3351214	-3.6537995	-0.043793485	1.8306376	0.0068011074	-0.9510902	1.5236003	1.5175103	-1.2443435	-0.42370635	0.17630753	1.4923394	0.06490159	-3.5639648	0.29983604	2.1068616	1.5412257	-2.5027266	0.030835152	-1.5355436	-0.12585855	0.7406889	-3.2940636	-1.165183	-1.3929722	5.470501	-1.9385248	-3.5369172	-1.0128391	1.6356089	1.4263816	-0.87595725	1.2327263	0.5605004	3.0348234	2.5163586	0.5763903	2.8523355	2.3304777	-3.6721537	-0.41996735	0.54537857	-0.11510435	0.73320043	-3.1952538	2.4867663	5.343234	-6.0552144	5.93121	3.6235871	0.8881839	-1.8536222
as_diss	2.8472853	-0.41437042	1.1950823	-0.968202	-1.5533947	-2.6425166	-1.8166497	3.5427651	1.3114762	0.49855566	1.6033158	2.8099632	0.23706162	0.4855147	2.39514	-0.91416335	0.7139724	-1.6397896	2.4188335	-1.0922341	-0.18710294	0.51759005	-0.18938303	2.635426	2.3275113	-0.22173041	-2.0959911	-1.0563613	0.38319814	-0.48344103	1.4084215	-0.6730594	0.6472385	2.2764297	0.4295378	1.5703588	-0.20033097	-1.0741174	-0.5533521	0.6109103	1.6532637	-3.8168535	-0.6872756	-1.7289917	0.77418387	0.42054743	1.8304307	1.652844	-4.5078335	-1.242198	0.07511547	-2.419473	0.60893244	-0.2947916	-0.8743722	-2.4771788	-1.1166896	-0.09850967	-0.47482714	0.68576586	4.008685	0.23403603	0.4564775	0.065060616	-0.6181832	1.1031035	-1.4570746	-2.3530307	-0.22190875	1.4015504	0.26276076	-0.09649192	2.51479	-1.079304	0.052580476	2.7462988	0.8785071	0.1932708	0.42193323	-2.6242905
ad_ctrl_dro_1	-2.9403746	-2.7125669	-0.15736651	-0.43674847	-1.7962146	-1.8182728	1.9074668	1.1341349	-2.607596	-3.2107627	-0.2610851	-1.0442688	-1.4058216	1.1279668	-4.666694	-0.99405473	-1.3897316	-1.7611581	0.59582263	2.9033146	1.4001187	-1.7708138	-0.8499467	-1.7874743	1.755666	-1.907147	-0.19802056	-0.6338872	5.550839	-2.4231308	1.1791114	-0.5196556	-3.3794823	1.1194739	-0.26543152	-1.6775396	-0.34118068	-0.4950264	-0.2953919	-0.92244506	-0.94391894	8.181611	-0.93212676	-2.8205593	1.2622972	-0.9723005	-0.966868	-3.0256064	0.3095042	3.9329252	3.2012374	0.98557234	0.08259368	2.5702233	1.6258366	2.8333852	-0.27559018	2.5817955	-1.5869492	4.4963074	-2.756166	0.55980563	-3.3655028	0.25674343	-0.36294562	-0.9584513	0.6414914	0.24930081	0.8102244	-2.6325755	-2.2789297	-0.5941673	2.6935716	-1.8794278	1.7854258	-0.52967656	-2.3529413	1.7425084	-8.46878	-1.0318222
ad_ctrl_dro_2	-3.6117165	-3.7675874	0.028696895	0.15597442	3.726023	-0.8976486	-0.7808173	1.7950952	-3.1441736	-2.584749	0.6845958	-1.9559317	-0.36791354	0.45659125	1.237962	-0.8944595	-2.2447662	-0.9249369	0.506583	2.919103	3.5498624	-2.534264	-2.4714644	-6.0410433	-0.9635079	-4.1269016	-3.9407337	-0.9992242	-0.9885644	-2.4171216	-1.0957327	-1.6895018	-4.355088	1.4389982	-0.18529534	-1.8218752	-0.8596995	-0.019086748	-1.1217995	-5.728674	-1.0438522	5.524466	0.6709909	-4.1602683	-0.15776631	-0.44100624	-0.1437499	2.101852	-0.5902104	5.0603886	3.9605222	-0.47585946	1.6254779	0.8999474	2.4292345	1.7106198	0.61494297	2.7975645	-2.0310972	3.2038856	-4.1868496	1.9749635	-4.2254615	-3.2208557	-0.89700854	-2.510621	0.06877777	-0.4267968	2.557908	-0.805257	-2.4452882	-1.0920094	3.7756407	-2.5422268	2.2335734	0.45798498	-0.4953193	3.1133246	-6.6773443	1.8767791
ad_ctrl_dro_3	-2.8879538	-2.3249393	-1.7937094	-0.6236988	11.894139	-0.20519358	2.7997432	1.4971426	-1.9178159	-2.9852586	-0.10254714	-3.0819657	-0.55319434	-0.36040345	-2.0757065	-1.2833419	-0.5919326	-0.6275054	0.7844214	1.1870745	-1.3052924	-0.8876164	-0.31532145	-0.17537165	0.5667769	-3.9618487	0.6960547	-0.9072342	1.9655082	-2.0031734	-2.0559924	-5.113078	-4.214172	2.3777971	2.603882	-2.1345723	-2.4482083	1.7700816	-0.14561981	-3.255105	-1.1003851	3.9311652	2.444	-2.3291013	-1.132479	2.1465669	-0.85982645	-0.10389288	-0.6608949	-0.8839715	4.5324097	2.1756978	2.4190197	3.0354404	6.7427173	1.4493057	1.3715489	-3.4982738	-2.4067934	3.3990428	-4.2033844	-1.2530224	-2.516186	-0.1308206	-0.6999156	-3.4747496	0.3933293	3.5683985	3.0400991	-0.8651224	0.9613302	0.31393245	1.741628	-2.291434	1.7483932	1.7490987	-1.7279146	1.6718509	-5.479713	2.5180042
ad_dro_1	-3.709839	-3.3898988	1.6481073	-0.570728	18.596592	0.4909687	2.633037	2.135884	0.12373984	-3.6629477	0.3860574	-2.0416117	0.5876175	-1.601562	-1.5860138	-0.35481644	-1.3684229	-0.8664222	0.66991043	3.7090495	3.7813864	-2.2869325	-0.40540323	-5.2587805	-0.09376907	-3.4024608	-0.4898535	-0.7019989	-2.5823123	-2.7418585	0.08825958	-0.14572862	-2.628959	1.8556105	3.0215812	-2.054766	-0.38659847	0.517923	-1.3541757	-5.45545	-1.1953676	6.36476	0.5513195	-2.9655955	-2.9037352	0.31731117	-2.6659107	-0.44586667	2.406119	1.8933063	3.8314967	0.21238515	2.1094072	0.17389166	3.6502917	3.431639	0.5512209	-6.793671	-2.5328646	4.0854106	-0.5163238	0.8416671	-2.17376	-0.52611756	-0.7844113	-2.900294	0.34901613	-3.0228364	0.33948362	2.7381053	-5.2067757	-0.29870394	2.309497	-2.2354167	1.8525959	1.3784859	-0.9060572	2.8555312	0.99658227	2.2182693
ad_dro_2	-3.3496585	-2.2095726	-2.158856	-0.18153575	-7.9148316	-0.25094128	1.7840016	1.5794139	-2.9245915	-2.9038596	0.2908696	-5.9341574	-0.79729503	-0.6722395	-3.7296138	1.7265224	-1.5240997	-0.57113266	0.8048153	2.5052066	3.8075595	-3.8008184	-0.78599584	-3.3359957	-2.0881786	-3.1703813	-1.0679492	-0.77119213	-2.83352	-1.8431934	-0.11147797	-1.7502106	-1.4051151	0.5006025	3.6062508	-1.946145	-7.725217	-0.3720926	-0.48383278	-3.9382737	-1.0248176	6.9631243	0.3872128	-3.4637175	1.9996715	-0.7438696	-1.3890982	-0.86889666	-1.2183348	-2.1207285	3.6422825	0.43902832	0.9593847	-0.89885366	13.233696	2.2891572	2.7337055	1.7228011	-1.8631744	4.9979	-6.50648	0.120347545	-1.1990132	1.433521	-0.8342561	-3.5752792	0.07860761	2.2004015	0.7228241	-1.0044422	0.8184695	-0.11566384	2.652465	-2.830207	1.6677799	-0.021286204	-2.2982337	2.913289	4.7023745	0.12673414
ad_dro_3	-3.9035473	-2.8044236	-4.6278152	-0.3297097	-3.0097165	-2.375	0.2137413	1.1193622	-2.3955245	-3.1107016	0.29784533	2.6576192	1.1470511	-0.7910234	-2.8188562	-0.4390647	-1.2811606	-1.7598237	0.59402394	1.6552215	2.901487	-4.299485	-0.069164634	-5.0478916	-0.80592453	-2.7879653	-1.9605032	-0.43465227	5.1245956	-1.6407955	-1.0984303	-2.7666986	-2.4369369	2.68134	0.9233159	-2.2844048	1.8957257	2.8788757	-1.2871624	-2.0740643	-1.0793011	6.596882	-1.8027476	-2.8229475	-0.721761	-1.9184985	-0.6493225	2.6834984	-0.78244644	-1.4744288	3.9838157	1.2731092	2.08977	4.5785418	3.723293	-0.1318143	0.4187491	0.7627958	-2.3620977	3.9251413	-1.2719872	-1.8659482	-3.8942332	-2.5207458	-1.3946838	-2.0873718	0.24944244	-1.1223671	0.033051014	2.3554995	-5.896555	0.33318472	2.0208051	-2.2831028	2.017764	0.51408803	-2.9131308	2.2822387	-2.2743342	1.7747065
ad_ctrl_diss	-1.388078	1.6632931	0.37975675	2.1813838	-1.009882	1.2866944	-2.2292616	-0.023877978	2.0615897	3.3752332	-1.908073	2.3468914	0.7887304	-0.82240015	-0.26358384	1.2944953	-0.7519281	-0.020103931	-1.00828	-1.8903081	-1.3024098	-0.3610624	0.90386975	0.60225266	-0.7048101	3.1036577	0.077278286	-1.366832	0.2693376	2.030725	-1.3949344	0.97496194	0.8750218	-0.24742164	-1.5178902	-0.276271	1.0573059	1.1396847	1.4293087	0.23228943	-3.0930183	-1.8508787	-1.9566443	2.7826314	-0.49635082	-1.1654172	-0.20966786	-0.39650968	1.4426866	-0.17893049	-4.1917753	0.53257257	-0.8886023	-0.097797185	-1.4617498	0.022717357	-2.130109	0.70796347	1.4721177	-2.6856413	1.6048657	-0.5354843	0.46998847	-0.36092207	0.53483695	-0.6921618	1.5517424	1.9078335	0.8487342	-1.9274923	-0.21660542	0.6026314	-2.238282	1.2028064	-1.1934139	0.3128125	3.3487635	-1.801137	1.1728629	-0.32959464
ad_diss	0.4168927	0.7730815	-0.6027756	-1.5708984	2.3477707	-0.33210036	0.48557773	4.944823	-0.6394839	-0.3668224	0.26051164	-0.4417376	0.79655033	-1.1869943	3.363562	-1.650334	-0.90902364	-2.7648368	-1.1468831	-0.68681484	-0.33036244	0.42174804	1.7454586	0.416551	0.7839477	-2.4916008	-1.2473084	-1.1450508	1.2494845	0.15848784	2.0922112	-0.660081	-2.422417	-0.69721186	0.16260928	2.5887804	0.3987434	-7.6131253	0.7310802	1.1261469	3.1949573	-2.1754458	1.7492765	1.7992787	1.952117	1.693017	3.796447	-2.425951	-2.622236	-0.2401112	0.9425752	-2.5383995	-0.67482823	-0.3963979	-0.7187247	2.1598454	-0.14227831	1.3563423	-2.9129267	2.3179274	3.8579788	-0.6267974	-1.8070763	5.356249	-3.1878967	-1.1536994	-0.0014073551	-0.058753848	0.13522884	-0.5550597	0.47412777	-0.6926727	-0.30130172	2.012784	1.9196862	-0.97690296	0.16833913	-0.4093752	-0.27210632	1.8648555
